,Sender IBAN,Receiver IBAN,Amount,Date,Transfer type
0,ES89 0069 8346 3534 3749 5589,ES02 0069 9128 2729 7298 9079,72,2004-2-27 20:11,transfer
1,ES88 0069 4789 3169 0084 9327,ES38 0069 3763 1870 8584 4886,161,2016-10-27 18:33,transfer
2,ES93 0069 8226 5174 7024 1104,ES11 0069 1694 9311 7012 7674,24,2009-2-19 13:10,transfer
3,ES43 0069 0627 1680 8327 2856,ES73 0069 9670 0855 3285 6331,62,2020-1-20 9:35,transfer
4,ES56 0069 0304 0937 7245 5952,ES94 0069 6050 9125 4275 5395,194,2015-7-22 2:15,transfer
5,ES15 0069 9357 7800 1494 2339,ES51 0069 9750 1104 0293 0756,188,2009-10-16 7:40,transfer
6,ES28 0069 6991 5190 7722 2999,ES67 0069 5062 3604 8776 8886,182,2007-11-23 18:18,transfer
7,ES19 0069 2040 4826 1038 0754,ES89 0069 8346 3534 3749 5589,79,2017-9-28 2:39,transfer
8,ES55 0069 6886 7883 8004 7476,ES56 0069 0304 0937 7245 5952,40,2011-2-23 8:40,transfer
9,ES47 0069 6744 5835 5017 9999,ES06 0069 0580 8151 5818 0942,14,2000-3-14 16:35,transfer
10,ES63 0069 9329 4147 0045 8878,ES43 0069 0627 1680 8327 2856,64,2010-4-11 8:53,transfer
11,ES72 0069 3417 0161 9616 8901,ES04 0069 3320 2713 6305 6066,63,2006-7-1 13:25,quick transfer
12,ES73 0069 9670 0855 3285 6331,ES42 0069 4444 0863 1125 5681,147,2023-9-4 1:50,transfer
13,ES89 0069 8346 3534 3749 5589,ES13 0069 9935 5919 8204 9186,184,2010-6-15 6:34,transfer
14,ES84 0069 1645 7321 4175 0466,ES36 0069 5138 2812 2933 6468,70,2017-9-11 14:59,transfer
15,ES93 0069 8467 6917 9038 0465,ES92 0069 8635 2861 7112 2430,83,2007-6-21 14:42,quick transfer
16,ES38 0069 3763 1870 8584 4886,ES93 0069 8226 5174 7024 1104,69,2012-7-15 8:6,quick transfer
17,ES52 0069 9129 7614 0018 4854,ES67 0069 5062 3604 8776 8886,51,2018-6-24 6:50,transfer
18,ES37 0069 2352 1579 1907 8962,ES88 0069 7216 6589 6597 1644,42,2018-2-7 3:52,quick transfer
19,ES45 0069 5392 6947 6928 4314,ES28 0069 6991 5190 7722 2999,76,2014-1-16 22:30,transfer
20,ES55 0069 6886 7883 8004 7476,ES19 0069 2040 4826 1038 0754,70,2019-2-3 12:33,transfer
21,ES19 0069 2040 4826 1038 0754,ES02 0069 9128 2729 7298 9079,2,2013-10-3 17:8,quick transfer
22,ES56 0069 0304 0937 7245 5952,ES37 0069 2352 1579 1907 8962,93,2013-7-18 2:59,transfer
23,ES92 0069 8635 2861 7112 2430,ES28 0069 6991 5190 7722 2999,60,2014-2-17 13:8,transfer
24,ES02 0069 9128 2729 7298 9079,ES88 0069 4789 3169 0084 9327,128,2020-10-15 18:9,transfer
25,ES33 0069 6981 8220 2164 9373,ES55 0069 6886 7883 8004 7476,174,2022-9-25 12:19,transfer
26,ES45 0069 5392 6947 6928 4314,ES56 0069 0304 0937 7245 5952,28,2020-4-21 13:58,transfer
27,ES28 0069 6991 5190 7722 2999,ES84 0069 1645 7321 4175 0466,47,2014-8-23 16:57,transfer
28,ES88 0069 7216 6589 6597 1644,ES97 0069 3968 1193 9353 9383,69,2011-7-26 14:47,transfer
29,ES55 0069 6886 7883 8004 7476,ES77 0069 7725 7134 9967 5416,13,2004-5-21 17:40,transfer
30,ES88 0069 3224 7738 5785 7522,ES67 0069 5062 3604 8776 8886,24,2017-1-5 16:42,transfer
31,ES45 0069 5392 6947 6928 4314,ES51 0069 9750 1104 0293 0756,5,2012-5-6 0:27,transfer
32,ES19 0069 2040 4826 1038 0754,ES42 0069 4444 0863 1125 5681,54,2021-12-11 17:35,transfer
33,ES89 0069 8346 3534 3749 5589,ES15 0069 9357 7800 1494 2339,182,2022-3-19 1:30,quick transfer
34,ES84 0069 1645 7321 4175 0466,ES73 0069 9670 0855 3285 6331,176,2007-11-12 4:58,transfer
35,ES93 0069 8226 5174 7024 1104,ES55 0069 6886 7883 8004 7476,96,2009-2-2 20:27,transfer
36,ES16 0069 6152 1223 2042 0900,ES45 0069 9795 1119 2753 0770,67,2002-10-11 11:5,transfer
37,ES45 0069 9795 1119 2753 0770,ES88 0069 4789 3169 0084 9327,74,2003-6-2 1:14,transfer
38,ES04 0069 3320 2713 6305 6066,ES80 0069 0868 0197 8086 1270,3,2012-10-13 22:14,transfer
39,ES45 0069 5392 6947 6928 4314,ES71 0069 0687 3352 6876 4243,174,2010-6-14 5:55,transfer
40,ES37 0069 2352 1579 1907 8962,ES52 0069 9129 7614 0018 4854,200,2002-6-17 8:57,transfer
41,ES55 0069 6886 7883 8004 7476,ES45 0069 5392 6947 6928 4314,43,2002-6-13 19:11,quick transfer
42,ES55 0069 6886 7883 8004 7476,ES19 0069 2040 4826 1038 0754,169,2008-11-20 15:24,transfer
43,ES52 0069 9129 7614 0018 4854,ES73 0069 9670 0855 3285 6331,110,2007-1-8 18:22,transfer
44,ES04 0069 3320 2713 6305 6066,ES73 0069 9670 0855 3285 6331,151,2013-5-15 22:20,transfer
45,ES92 0069 8635 2861 7112 2430,ES67 0069 5062 3604 8776 8886,50,2017-7-8 23:45,transfer
46,ES19 0069 2040 4826 1038 0754,ES56 0069 0304 0937 7245 5952,177,2005-6-10 2:30,quick transfer
47,ES97 0069 3968 1193 9353 9383,ES85 0069 6135 0936 9704 4073,59,2001-1-17 3:39,quick transfer
48,ES56 0069 0304 0937 7245 5952,ES06 0069 0580 8151 5818 0942,54,2005-10-10 22:7,quick transfer
49,ES45 0069 5392 6947 6928 4314,ES45 0069 9795 1119 2753 0770,177,2022-12-20 17:47,transfer
50,ES94 0069 6050 9125 4275 5395,ES96 0069 2829 1354 6820 0738,95,2012-9-3 10:29,transfer
51,ES72 0069 3417 0161 9616 8901,ES47 0069 6744 5835 5017 9999,45,2008-2-24 14:12,transfer
52,ES63 0069 9329 4147 0045 8878,ES45 0069 9795 1119 2753 0770,59,2015-5-26 22:17,transfer
53,ES62 0069 9476 0703 3747 7311,ES85 0069 6135 0936 9704 4073,7,2013-9-21 19:28,transfer
54,ES63 0069 9329 4147 0045 8878,ES22 0069 1870 3125 1671 5387,61,2018-2-13 16:42,transfer
55,ES11 0069 1694 9311 7012 7674,ES15 0069 9357 7800 1494 2339,90,2009-3-9 4:21,transfer
56,ES27 0069 9428 3115 3864 5491,ES72 0069 3417 0161 9616 8901,3,2016-6-3 6:12,transfer
57,ES45 0069 5392 6947 6928 4314,ES63 0069 9329 4147 0045 8878,87,2016-6-1 11:23,transfer
58,ES62 0069 9476 0703 3747 7311,ES93 0069 8467 6917 9038 0465,199,2002-3-4 14:9,transfer
59,ES88 0069 4789 3169 0084 9327,ES42 0069 4444 0863 1125 5681,41,2019-8-13 5:40,transfer
60,ES51 0069 9750 1104 0293 0756,ES17 0069 1068 3315 0997 7638,29,2013-2-18 14:19,quick transfer
61,ES36 0069 4351 0939 4279 9168,ES45 0069 5392 6947 6928 4314,123,2002-7-5 21:16,transfer
62,ES45 0069 5392 6947 6928 4314,ES73 0069 9670 0855 3285 6331,185,2023-5-8 6:33,quick transfer
63,ES19 0069 2040 4826 1038 0754,ES45 0069 9795 1119 2753 0770,82,2005-10-27 4:20,transfer
64,ES55 0069 6886 7883 8004 7476,ES22 0069 1870 3125 1671 5387,110,2021-6-16 0:52,quick transfer
65,ES93 0069 8226 5174 7024 1104,ES11 0069 1694 9311 7012 7674,153,2018-1-26 6:14,transfer
66,ES36 0069 4351 0939 4279 9168,ES67 0069 5062 3604 8776 8886,98,2007-3-17 19:34,transfer
67,ES63 0069 9329 4147 0045 8878,ES13 0069 9935 5919 8204 9186,169,2011-9-1 1:3,transfer
68,ES37 0069 2352 1579 1907 8962,ES45 0069 5392 6947 6928 4314,50,2004-7-9 5:47,transfer
69,ES80 0069 0868 0197 8086 1270,ES84 0069 1645 7321 4175 0466,109,2014-2-27 13:29,transfer
70,ES93 0069 8467 6917 9038 0465,ES43 0069 0675 7960 5282 0786,25,2010-1-15 13:48,transfer
71,ES63 0069 9329 4147 0045 8878,ES19 0069 2040 4826 1038 0754,96,2001-12-4 4:25,transfer
72,ES37 0069 2352 1579 1907 8962,ES47 0069 6744 5835 5017 9999,171,2021-12-17 11:46,quick transfer
73,ES94 0069 6050 9125 4275 5395,ES22 0069 1870 3125 1671 5387,180,2019-1-6 5:4,transfer
74,ES45 0069 9795 1119 2753 0770,ES55 0069 6886 7883 8004 7476,134,2009-8-21 6:50,quick transfer
75,ES89 0069 8346 3534 3749 5589,ES28 0069 6991 5190 7722 2999,111,2012-4-12 22:17,transfer
76,ES47 0069 6744 5835 5017 9999,ES88 0069 7216 6589 6597 1644,147,2004-7-27 13:20,quick transfer
77,ES88 0069 3224 7738 5785 7522,ES94 0069 6050 9125 4275 5395,135,2009-2-28 0:39,transfer
78,ES94 0069 6050 9125 4275 5395,ES97 0069 3968 1193 9353 9383,178,2005-5-17 17:3,quick transfer
79,ES84 0069 1645 7321 4175 0466,ES56 0069 0304 0937 7245 5952,15,2019-5-26 8:38,transfer
80,ES11 0069 1694 9311 7012 7674,ES45 0069 5392 6947 6928 4314,196,2016-12-28 14:16,quick transfer
81,ES04 0069 3320 2713 6305 6066,ES55 0069 6886 7883 8004 7476,57,2004-12-9 8:15,transfer
82,ES96 0069 2829 1354 6820 0738,ES37 0069 2352 1579 1907 8962,146,2011-2-13 7:3,transfer
83,ES93 0069 8467 6917 9038 0465,ES88 0069 7216 6589 6597 1644,128,2003-2-26 6:1,quick transfer
84,ES96 0069 2829 1354 6820 0738,ES06 0069 0580 8151 5818 0942,85,2015-11-8 11:1,transfer
85,ES52 0069 9129 7614 0018 4854,ES93 0069 8226 5174 7024 1104,79,2014-6-7 16:19,quick transfer
86,ES13 0069 9935 5919 8204 9186,ES36 0069 5138 2812 2933 6468,36,2012-8-12 9:45,transfer
87,ES55 0069 6886 7883 8004 7476,ES72 0069 3417 0161 9616 8901,113,2017-5-15 21:1,transfer
88,ES77 0069 7725 7134 9967 5416,ES43 0069 0675 7960 5282 0786,148,2003-2-17 4:20,transfer
89,ES02 0069 9128 2729 7298 9079,ES33 0069 6981 8220 2164 9373,88,2018-3-9 10:57,transfer
90,ES16 0069 6152 1223 2042 0900,ES36 0069 5138 2812 2933 6468,158,2021-8-1 3:28,transfer
91,ES15 0069 9357 7800 1494 2339,ES42 0069 4444 0863 1125 5681,157,2014-7-9 8:14,transfer
92,ES06 0069 0580 8151 5818 0942,ES77 0069 7725 7134 9967 5416,91,2012-9-23 11:5,transfer
93,ES15 0069 9357 7800 1494 2339,ES02 0069 9128 2729 7298 9079,187,2003-12-7 7:34,transfer
94,ES42 0069 4444 0863 1125 5681,ES11 0069 1694 9311 7012 7674,172,2008-6-24 6:27,transfer
95,ES47 0069 6744 5835 5017 9999,ES45 0069 5392 6947 6928 4314,112,2022-6-12 8:1,transfer
96,ES43 0069 0675 7960 5282 0786,ES36 0069 4351 0939 4279 9168,24,2006-4-10 9:14,transfer
97,ES88 0069 3224 7738 5785 7522,ES96 0069 2829 1354 6820 0738,9,2021-5-7 1:5,quick transfer
98,ES36 0069 4351 0939 4279 9168,ES43 0069 0627 1680 8327 2856,109,2009-6-3 4:37,transfer
99,ES28 0069 6991 5190 7722 2999,ES71 0069 0687 3352 6876 4243,26,2019-11-3 5:46,transfer
100,ES71 0069 0687 3352 6876 4243,ES45 0069 9795 1119 2753 0770,169,2007-3-24 2:1,transfer
101,ES88 0069 4789 3169 0084 9327,ES13 0069 9935 5919 8204 9186,4,2005-4-27 20:43,transfer
102,ES33 0069 6981 8220 2164 9373,ES93 0069 8226 5174 7024 1104,52,2008-4-10 0:50,transfer
103,ES97 0069 3968 1193 9353 9383,ES63 0069 9329 4147 0045 8878,13,2006-8-8 7:24,quick transfer
104,ES62 0069 9476 0703 3747 7311,ES93 0069 8226 5174 7024 1104,194,2002-6-24 10:27,transfer
105,ES36 0069 4351 0939 4279 9168,ES88 0069 4789 3169 0084 9327,141,2011-9-21 4:54,transfer
106,ES33 0069 6981 8220 2164 9373,ES06 0069 0580 8151 5818 0942,158,2018-4-8 7:51,transfer
107,ES43 0069 0627 1680 8327 2856,ES38 0069 3763 1870 8584 4886,4,2013-11-21 7:56,transfer
108,ES14 0069 1137 0656 7857 1226,ES22 0069 1870 3125 1671 5387,159,2003-4-21 21:2,transfer
109,ES19 0069 2040 4826 1038 0754,ES27 0069 9428 3115 3864 5491,135,2023-1-26 3:39,transfer
110,ES52 0069 9129 7614 0018 4854,ES19 0069 2040 4826 1038 0754,78,2003-5-25 0:20,transfer
111,ES88 0069 3224 7738 5785 7522,ES11 0069 1694 9311 7012 7674,118,2010-6-1 0:20,transfer
112,ES55 0069 6886 7883 8004 7476,ES19 0069 2040 4826 1038 0754,194,2021-7-28 0:44,transfer
113,ES15 0069 9357 7800 1494 2339,ES92 0069 8635 2861 7112 2430,148,2004-11-3 13:33,quick transfer
114,ES89 0069 8346 3534 3749 5589,ES45 0069 5392 6947 6928 4314,58,2008-12-12 10:31,transfer
115,ES67 0069 5062 3604 8776 8886,ES02 0069 9128 2729 7298 9079,85,2009-2-25 18:49,transfer
116,ES55 0069 6886 7883 8004 7476,ES77 0069 7725 7134 9967 5416,25,2005-2-4 19:5,transfer
117,ES02 0069 9128 2729 7298 9079,ES62 0069 9476 0703 3747 7311,55,2000-6-16 14:9,transfer
118,ES43 0069 0627 1680 8327 2856,ES16 0069 6152 1223 2042 0900,15,2013-3-21 2:37,transfer
119,ES72 0069 3417 0161 9616 8901,ES55 0069 6886 7883 8004 7476,113,2000-7-12 14:13,transfer
120,ES88 0069 3224 7738 5785 7522,ES93 0069 8467 6917 9038 0465,123,2001-2-14 21:0,transfer
121,ES96 0069 2829 1354 6820 0738,ES02 0069 9128 2729 7298 9079,144,2017-8-16 18:28,transfer
122,ES62 0069 9476 0703 3747 7311,ES55 0069 6886 7883 8004 7476,129,2023-10-9 8:26,transfer
123,ES13 0069 9935 5919 8204 9186,ES11 0069 1694 9311 7012 7674,82,2001-3-26 11:43,transfer
124,ES67 0069 5062 3604 8776 8886,ES15 0069 9357 7800 1494 2339,24,2009-12-2 11:4,quick transfer
125,ES45 0069 5392 6947 6928 4314,ES13 0069 9935 5919 8204 9186,135,2002-12-3 21:23,transfer
126,ES51 0069 9750 1104 0293 0756,ES71 0069 0687 3352 6876 4243,102,2007-9-25 16:36,transfer
127,ES73 0069 9670 0855 3285 6331,ES33 0069 6981 8220 2164 9373,84,2023-8-5 10:44,transfer
128,ES85 0069 6135 0936 9704 4073,ES06 0069 0580 8151 5818 0942,26,2003-10-3 11:14,transfer
129,ES47 0069 6744 5835 5017 9999,ES94 0069 6050 9125 4275 5395,75,2022-1-10 4:11,quick transfer
130,ES89 0069 8346 3534 3749 5589,ES93 0069 8226 5174 7024 1104,6,2015-6-21 21:47,transfer
131,ES63 0069 9329 4147 0045 8878,ES97 0069 3968 1193 9353 9383,158,2023-10-25 8:41,quick transfer
132,ES77 0069 7725 7134 9967 5416,ES93 0069 8226 5174 7024 1104,3,2006-3-5 5:24,transfer
133,ES88 0069 7216 6589 6597 1644,ES38 0069 3763 1870 8584 4886,87,2012-6-14 19:13,quick transfer
134,ES45 0069 5392 6947 6928 4314,ES43 0069 0627 1680 8327 2856,133,2001-10-6 18:23,transfer
135,ES84 0069 1645 7321 4175 0466,ES27 0069 9428 3115 3864 5491,46,2003-10-17 23:20,transfer
136,ES93 0069 8467 6917 9038 0465,ES13 0069 9935 5919 8204 9186,50,2012-3-9 21:7,transfer
137,ES85 0069 6135 0936 9704 4073,ES19 0069 2040 4826 1038 0754,28,2018-8-14 1:34,quick transfer
138,ES25 0069 1541 5994 6098 5340,ES14 0069 1137 0656 7857 1226,19,2001-9-10 7:17,transfer
139,ES84 0069 1645 7321 4175 0466,ES80 0069 0868 0197 8086 1270,137,2023-10-14 12:27,transfer
140,ES51 0069 9750 1104 0293 0756,ES37 0069 2352 1579 1907 8962,33,2002-11-25 20:24,transfer
141,ES56 0069 0304 0937 7245 5952,ES88 0069 3224 7738 5785 7522,191,2016-8-20 10:53,transfer
142,ES45 0069 5392 6947 6928 4314,ES28 0069 6991 5190 7722 2999,100,2001-2-14 0:52,transfer
143,ES51 0069 9750 1104 0293 0756,ES89 0069 8346 3534 3749 5589,97,2001-4-24 21:41,transfer
144,ES92 0069 8635 2861 7112 2430,ES45 0069 9795 1119 2753 0770,166,2008-8-25 14:19,quick transfer
145,ES89 0069 8346 3534 3749 5589,ES43 0069 0627 1680 8327 2856,8,2004-12-5 10:40,quick transfer
146,ES37 0069 2352 1579 1907 8962,ES84 0069 1645 7321 4175 0466,23,2007-6-27 2:39,transfer
147,ES25 0069 1541 5994 6098 5340,ES28 0069 6991 5190 7722 2999,114,2009-10-12 11:59,transfer
148,ES25 0069 1541 5994 6098 5340,ES88 0069 3224 7738 5785 7522,106,2013-5-23 4:54,transfer
149,ES11 0069 1694 9311 7012 7674,ES19 0069 2040 4826 1038 0754,14,2003-9-17 13:41,transfer
150,ES02 0069 9128 2729 7298 9079,ES63 0069 9329 4147 0045 8878,116,2012-3-1 7:29,quick transfer
151,ES45 0069 9795 1119 2753 0770,ES55 0069 6886 7883 8004 7476,143,2010-2-22 14:41,transfer
152,ES93 0069 8226 5174 7024 1104,ES36 0069 5138 2812 2933 6468,6,2002-9-1 8:59,transfer
153,ES37 0069 2352 1579 1907 8962,ES17 0069 1068 3315 0997 7638,93,2019-4-3 12:48,quick transfer
154,ES43 0069 0627 1680 8327 2856,ES14 0069 1137 0656 7857 1226,77,2000-3-4 20:36,transfer
155,ES37 0069 2352 1579 1907 8962,ES47 0069 6744 5835 5017 9999,47,2006-11-19 9:34,quick transfer
156,ES85 0069 6135 0936 9704 4073,ES73 0069 9670 0855 3285 6331,87,2000-10-4 3:38,transfer
157,ES88 0069 4789 3169 0084 9327,ES89 0069 8346 3534 3749 5589,108,2004-8-23 21:14,transfer
158,ES17 0069 1068 3315 0997 7638,ES04 0069 3320 2713 6305 6066,127,2008-5-7 8:24,quick transfer
159,ES92 0069 8635 2861 7112 2430,ES85 0069 6135 0936 9704 4073,53,2018-6-1 4:56,transfer
160,ES14 0069 1137 0656 7857 1226,ES37 0069 2352 1579 1907 8962,43,2013-3-20 19:14,transfer
161,ES47 0069 6744 5835 5017 9999,ES33 0069 6981 8220 2164 9373,32,2008-4-15 22:15,transfer
162,ES72 0069 3417 0161 9616 8901,ES04 0069 3320 2713 6305 6066,54,2012-1-5 17:48,transfer
163,ES93 0069 8226 5174 7024 1104,ES84 0069 1645 7321 4175 0466,17,2007-10-4 10:55,transfer
164,ES42 0069 4444 0863 1125 5681,ES28 0069 6991 5190 7722 2999,199,2000-2-2 23:27,transfer
165,ES88 0069 7216 6589 6597 1644,ES85 0069 6135 0936 9704 4073,37,2018-4-22 3:7,transfer
166,ES96 0069 2829 1354 6820 0738,ES19 0069 2040 4826 1038 0754,30,2006-5-21 9:29,transfer
167,ES55 0069 6886 7883 8004 7476,ES80 0069 0868 0197 8086 1270,55,2009-5-19 14:25,transfer
168,ES94 0069 6050 9125 4275 5395,ES93 0069 8226 5174 7024 1104,159,2018-12-19 20:28,transfer
169,ES72 0069 3417 0161 9616 8901,ES13 0069 9935 5919 8204 9186,119,2018-9-1 8:22,transfer
170,ES43 0069 0675 7960 5282 0786,ES77 0069 7725 7134 9967 5416,53,2007-7-7 8:5,quick transfer
171,ES55 0069 6886 7883 8004 7476,ES37 0069 2352 1579 1907 8962,108,2017-4-24 20:47,transfer
172,ES45 0069 5392 6947 6928 4314,ES06 0069 0580 8151 5818 0942,7,2012-6-13 22:5,quick transfer
173,ES85 0069 6135 0936 9704 4073,ES84 0069 1645 7321 4175 0466,96,2008-3-1 13:50,transfer
174,ES94 0069 6050 9125 4275 5395,ES55 0069 6886 7883 8004 7476,127,2020-7-2 10:49,transfer
175,ES04 0069 3320 2713 6305 6066,ES88 0069 4789 3169 0084 9327,87,2018-5-1 22:43,transfer
176,ES38 0069 3763 1870 8584 4886,ES85 0069 6135 0936 9704 4073,113,2022-2-13 21:33,quick transfer
177,ES97 0069 3968 1193 9353 9383,ES71 0069 0687 3352 6876 4243,186,2019-8-15 4:20,transfer
178,ES51 0069 9750 1104 0293 0756,ES88 0069 4789 3169 0084 9327,178,2004-3-15 23:9,quick transfer
179,ES89 0069 8346 3534 3749 5589,ES02 0069 9128 2729 7298 9079,121,2018-11-25 23:40,transfer
180,ES62 0069 9476 0703 3747 7311,ES84 0069 1645 7321 4175 0466,125,2018-5-1 11:50,transfer
181,ES15 0069 9357 7800 1494 2339,ES11 0069 1694 9311 7012 7674,1,2019-1-14 0:29,transfer
182,ES45 0069 9795 1119 2753 0770,ES62 0069 9476 0703 3747 7311,36,2022-8-17 18:49,transfer
183,ES94 0069 6050 9125 4275 5395,ES25 0069 1541 5994 6098 5340,165,2015-8-5 13:27,transfer
184,ES16 0069 6152 1223 2042 0900,ES93 0069 8467 6917 9038 0465,92,2001-10-2 2:58,transfer
185,ES33 0069 6981 8220 2164 9373,ES77 0069 7725 7134 9967 5416,84,2022-3-3 4:40,transfer
186,ES45 0069 5392 6947 6928 4314,ES37 0069 2352 1579 1907 8962,114,2017-5-23 13:3,transfer
187,ES88 0069 4789 3169 0084 9327,ES36 0069 5138 2812 2933 6468,2,2022-1-1 14:0,transfer
188,ES27 0069 9428 3115 3864 5491,ES37 0069 2352 1579 1907 8962,195,2002-9-8 23:54,transfer
189,ES36 0069 5138 2812 2933 6468,ES45 0069 9795 1119 2753 0770,101,2012-3-15 8:15,transfer
190,ES16 0069 6152 1223 2042 0900,ES73 0069 9670 0855 3285 6331,193,2013-5-28 13:1,transfer
191,ES43 0069 0627 1680 8327 2856,ES92 0069 8635 2861 7112 2430,68,2013-7-16 23:16,transfer
192,ES13 0069 9935 5919 8204 9186,ES73 0069 9670 0855 3285 6331,55,2019-1-17 9:57,quick transfer
193,ES37 0069 2352 1579 1907 8962,ES62 0069 9476 0703 3747 7311,150,2018-5-8 20:51,transfer
194,ES92 0069 8635 2861 7112 2430,ES17 0069 1068 3315 0997 7638,51,2016-12-16 6:46,quick transfer
195,ES33 0069 6981 8220 2164 9373,ES93 0069 8467 6917 9038 0465,9,2017-11-3 21:12,quick transfer
196,ES71 0069 0687 3352 6876 4243,ES97 0069 3968 1193 9353 9383,13,2016-11-3 15:24,quick transfer
197,ES56 0069 0304 0937 7245 5952,ES84 0069 1645 7321 4175 0466,153,2013-1-6 23:27,transfer
198,ES17 0069 1068 3315 0997 7638,ES43 0069 0627 1680 8327 2856,18,2001-11-26 4:39,transfer
199,ES28 0069 6991 5190 7722 2999,ES14 0069 1137 0656 7857 1226,136,2006-7-26 14:50,transfer
200,ES89 0069 8346 3534 3749 5589,ES88 0069 3224 7738 5785 7522,168,2007-10-13 13:36,transfer
201,ES22 0069 1870 3125 1671 5387,ES17 0069 1068 3315 0997 7638,135,2008-4-4 3:48,quick transfer
202,ES28 0069 6991 5190 7722 2999,ES77 0069 7725 7134 9967 5416,69,2021-8-7 22:12,transfer
203,ES28 0069 6991 5190 7722 2999,ES73 0069 9670 0855 3285 6331,60,2011-5-6 1:4,transfer
204,ES72 0069 3417 0161 9616 8901,ES73 0069 9670 0855 3285 6331,167,2003-2-23 12:45,transfer
205,ES45 0069 5392 6947 6928 4314,ES28 0069 6991 5190 7722 2999,124,2006-10-19 21:20,quick transfer
206,ES52 0069 9129 7614 0018 4854,ES85 0069 6135 0936 9704 4073,193,2004-10-4 11:4,transfer
207,ES63 0069 9329 4147 0045 8878,ES19 0069 2040 4826 1038 0754,71,2006-8-25 21:53,transfer
208,ES16 0069 6152 1223 2042 0900,ES43 0069 0627 1680 8327 2856,47,2023-8-18 8:39,transfer
209,ES72 0069 3417 0161 9616 8901,ES06 0069 0580 8151 5818 0942,89,2004-2-11 8:41,transfer
210,ES36 0069 4351 0939 4279 9168,ES84 0069 1645 7321 4175 0466,105,2013-3-17 17:44,quick transfer
211,ES93 0069 8226 5174 7024 1104,ES45 0069 9795 1119 2753 0770,88,2014-1-7 23:38,quick transfer
212,ES16 0069 6152 1223 2042 0900,ES84 0069 1645 7321 4175 0466,159,2013-4-28 5:41,quick transfer
213,ES67 0069 5062 3604 8776 8886,ES93 0069 8226 5174 7024 1104,59,2013-7-4 5:48,transfer
214,ES73 0069 9670 0855 3285 6331,ES67 0069 5062 3604 8776 8886,147,2002-8-10 6:40,transfer
215,ES96 0069 2829 1354 6820 0738,ES88 0069 7216 6589 6597 1644,58,2001-12-19 19:21,quick transfer
216,ES14 0069 1137 0656 7857 1226,ES16 0069 6152 1223 2042 0900,136,2023-2-23 16:33,transfer
217,ES15 0069 9357 7800 1494 2339,ES17 0069 1068 3315 0997 7638,8,2021-12-24 0:31,transfer
218,ES45 0069 9795 1119 2753 0770,ES92 0069 8635 2861 7112 2430,74,2000-12-13 22:51,transfer
219,ES97 0069 3968 1193 9353 9383,ES93 0069 8467 6917 9038 0465,138,2000-1-7 6:20,transfer
220,ES06 0069 0580 8151 5818 0942,ES73 0069 9670 0855 3285 6331,76,2006-1-6 0:49,transfer
221,ES94 0069 6050 9125 4275 5395,ES43 0069 0627 1680 8327 2856,188,2013-2-6 15:55,transfer
222,ES88 0069 4789 3169 0084 9327,ES80 0069 0868 0197 8086 1270,143,2022-9-7 9:27,transfer
223,ES71 0069 0687 3352 6876 4243,ES45 0069 5392 6947 6928 4314,22,2015-7-7 11:56,quick transfer
224,ES43 0069 0675 7960 5282 0786,ES89 0069 8346 3534 3749 5589,177,2017-11-11 12:3,quick transfer
225,ES77 0069 7725 7134 9967 5416,ES92 0069 8635 2861 7112 2430,86,2007-3-18 18:6,transfer
226,ES93 0069 8467 6917 9038 0465,ES25 0069 1541 5994 6098 5340,77,2021-1-27 2:34,quick transfer
227,ES33 0069 6981 8220 2164 9373,ES97 0069 3968 1193 9353 9383,100,2008-6-5 17:56,transfer
228,ES33 0069 6981 8220 2164 9373,ES37 0069 2352 1579 1907 8962,11,2006-3-19 20:31,transfer
229,ES36 0069 4351 0939 4279 9168,ES25 0069 1541 5994 6098 5340,93,2013-3-16 9:56,transfer
230,ES25 0069 1541 5994 6098 5340,ES45 0069 5392 6947 6928 4314,93,2017-5-22 6:17,transfer
231,ES14 0069 1137 0656 7857 1226,ES45 0069 9795 1119 2753 0770,67,2006-7-14 8:45,quick transfer
232,ES17 0069 1068 3315 0997 7638,ES43 0069 0675 7960 5282 0786,50,2004-4-15 6:58,quick transfer
233,ES11 0069 1694 9311 7012 7674,ES43 0069 0675 7960 5282 0786,135,2009-12-9 16:27,transfer
234,ES22 0069 1870 3125 1671 5387,ES51 0069 9750 1104 0293 0756,130,2008-8-6 22:59,transfer
235,ES33 0069 6981 8220 2164 9373,ES93 0069 8226 5174 7024 1104,9,2010-1-12 2:53,quick transfer
236,ES93 0069 8467 6917 9038 0465,ES42 0069 4444 0863 1125 5681,191,2014-3-21 23:59,transfer
237,ES73 0069 9670 0855 3285 6331,ES14 0069 1137 0656 7857 1226,58,2013-3-22 5:27,transfer
238,ES85 0069 6135 0936 9704 4073,ES93 0069 8467 6917 9038 0465,57,2013-6-16 18:51,transfer
239,ES02 0069 9128 2729 7298 9079,ES92 0069 8635 2861 7112 2430,89,2011-3-10 20:47,transfer
240,ES14 0069 1137 0656 7857 1226,ES37 0069 2352 1579 1907 8962,131,2021-7-8 23:25,transfer
241,ES02 0069 9128 2729 7298 9079,ES52 0069 9129 7614 0018 4854,171,2003-10-11 16:9,transfer
242,ES37 0069 2352 1579 1907 8962,ES51 0069 9750 1104 0293 0756,59,2012-12-15 20:17,transfer
243,ES67 0069 5062 3604 8776 8886,ES73 0069 9670 0855 3285 6331,150,2019-9-9 13:17,quick transfer
244,ES36 0069 5138 2812 2933 6468,ES93 0069 8467 6917 9038 0465,182,2008-12-1 6:52,transfer
245,ES56 0069 0304 0937 7245 5952,ES94 0069 6050 9125 4275 5395,126,2008-3-12 7:18,transfer
246,ES88 0069 7216 6589 6597 1644,ES67 0069 5062 3604 8776 8886,142,2008-3-23 9:24,quick transfer
247,ES80 0069 0868 0197 8086 1270,ES67 0069 5062 3604 8776 8886,21,2019-4-27 8:6,quick transfer
248,ES36 0069 5138 2812 2933 6468,ES62 0069 9476 0703 3747 7311,14,2023-3-2 10:29,transfer
249,ES88 0069 3224 7738 5785 7522,ES80 0069 0868 0197 8086 1270,11,2014-9-16 13:6,transfer
250,ES63 0069 9329 4147 0045 8878,ES19 0069 2040 4826 1038 0754,29,2010-9-22 23:46,quick transfer
251,ES04 0069 3320 2713 6305 6066,ES17 0069 1068 3315 0997 7638,123,2023-11-6 3:4,quick transfer
252,ES94 0069 6050 9125 4275 5395,ES36 0069 5138 2812 2933 6468,155,2007-10-7 14:14,quick transfer
253,ES37 0069 2352 1579 1907 8962,ES38 0069 3763 1870 8584 4886,39,2004-6-16 11:15,transfer
254,ES11 0069 1694 9311 7012 7674,ES84 0069 1645 7321 4175 0466,108,2017-11-26 17:44,quick transfer
255,ES16 0069 6152 1223 2042 0900,ES71 0069 0687 3352 6876 4243,62,2012-10-21 19:50,transfer
256,ES22 0069 1870 3125 1671 5387,ES88 0069 3224 7738 5785 7522,85,2019-12-6 6:21,transfer
257,ES85 0069 6135 0936 9704 4073,ES67 0069 5062 3604 8776 8886,133,2004-9-11 18:11,transfer
258,ES43 0069 0627 1680 8327 2856,ES56 0069 0304 0937 7245 5952,28,2007-9-20 22:26,transfer
259,ES62 0069 9476 0703 3747 7311,ES19 0069 2040 4826 1038 0754,172,2018-1-23 23:24,transfer
260,ES80 0069 0868 0197 8086 1270,ES71 0069 0687 3352 6876 4243,102,2022-1-8 15:23,quick transfer
261,ES28 0069 6991 5190 7722 2999,ES84 0069 1645 7321 4175 0466,141,2012-3-7 18:51,transfer
262,ES45 0069 9795 1119 2753 0770,ES84 0069 1645 7321 4175 0466,107,2010-7-27 8:42,transfer
263,ES92 0069 8635 2861 7112 2430,ES36 0069 4351 0939 4279 9168,45,2007-9-14 16:12,transfer
264,ES43 0069 0627 1680 8327 2856,ES93 0069 8467 6917 9038 0465,71,2009-5-19 18:40,transfer
265,ES42 0069 4444 0863 1125 5681,ES37 0069 2352 1579 1907 8962,193,2003-7-23 19:48,transfer
266,ES93 0069 8467 6917 9038 0465,ES36 0069 5138 2812 2933 6468,93,2008-11-17 5:11,transfer
267,ES17 0069 1068 3315 0997 7638,ES43 0069 0627 1680 8327 2856,104,2010-4-10 20:28,transfer
268,ES45 0069 5392 6947 6928 4314,ES77 0069 7725 7134 9967 5416,48,2012-8-13 5:54,transfer
269,ES47 0069 6744 5835 5017 9999,ES72 0069 3417 0161 9616 8901,180,2010-3-4 16:19,transfer
270,ES84 0069 1645 7321 4175 0466,ES25 0069 1541 5994 6098 5340,111,2022-7-21 8:27,quick transfer
271,ES89 0069 8346 3534 3749 5589,ES16 0069 6152 1223 2042 0900,26,2023-12-15 16:5,transfer
272,ES22 0069 1870 3125 1671 5387,ES94 0069 6050 9125 4275 5395,152,2012-2-23 1:2,transfer
273,ES25 0069 1541 5994 6098 5340,ES43 0069 0627 1680 8327 2856,115,2013-7-16 13:44,transfer
274,ES43 0069 0627 1680 8327 2856,ES06 0069 0580 8151 5818 0942,124,2011-7-26 6:9,transfer
275,ES80 0069 0868 0197 8086 1270,ES72 0069 3417 0161 9616 8901,57,2014-3-6 16:33,transfer
276,ES56 0069 0304 0937 7245 5952,ES71 0069 0687 3352 6876 4243,59,2012-4-22 14:49,transfer
277,ES11 0069 1694 9311 7012 7674,ES71 0069 0687 3352 6876 4243,34,2016-8-13 14:19,quick transfer
278,ES02 0069 9128 2729 7298 9079,ES88 0069 3224 7738 5785 7522,52,2015-2-26 13:44,transfer
279,ES43 0069 0627 1680 8327 2856,ES97 0069 3968 1193 9353 9383,12,2018-12-8 8:44,quick transfer
280,ES88 0069 3224 7738 5785 7522,ES47 0069 6744 5835 5017 9999,37,2012-8-4 16:25,transfer
281,ES92 0069 8635 2861 7112 2430,ES85 0069 6135 0936 9704 4073,78,2012-3-16 7:46,quick transfer
282,ES45 0069 5392 6947 6928 4314,ES43 0069 0627 1680 8327 2856,71,2016-5-18 3:25,transfer
283,ES88 0069 4789 3169 0084 9327,ES36 0069 5138 2812 2933 6468,171,2022-10-1 6:10,quick transfer
284,ES36 0069 5138 2812 2933 6468,ES88 0069 7216 6589 6597 1644,77,2022-6-9 22:45,transfer
285,ES06 0069 0580 8151 5818 0942,ES72 0069 3417 0161 9616 8901,21,2016-1-16 20:4,quick transfer
286,ES45 0069 9795 1119 2753 0770,ES38 0069 3763 1870 8584 4886,86,2014-10-17 14:39,quick transfer
287,ES84 0069 1645 7321 4175 0466,ES04 0069 3320 2713 6305 6066,168,2000-4-4 1:29,transfer
288,ES88 0069 4789 3169 0084 9327,ES52 0069 9129 7614 0018 4854,128,2021-10-7 5:36,transfer
289,ES17 0069 1068 3315 0997 7638,ES15 0069 9357 7800 1494 2339,101,2011-1-7 16:3,quick transfer
290,ES42 0069 4444 0863 1125 5681,ES02 0069 9128 2729 7298 9079,37,2004-10-2 21:38,transfer
291,ES42 0069 4444 0863 1125 5681,ES92 0069 8635 2861 7112 2430,26,2023-8-28 21:35,transfer
292,ES88 0069 7216 6589 6597 1644,ES36 0069 4351 0939 4279 9168,31,2005-1-15 14:48,transfer
293,ES36 0069 5138 2812 2933 6468,ES56 0069 0304 0937 7245 5952,54,2001-8-15 11:55,quick transfer
294,ES67 0069 5062 3604 8776 8886,ES89 0069 8346 3534 3749 5589,113,2022-1-3 0:42,quick transfer
295,ES25 0069 1541 5994 6098 5340,ES56 0069 0304 0937 7245 5952,16,2020-11-5 22:41,transfer
296,ES92 0069 8635 2861 7112 2430,ES11 0069 1694 9311 7012 7674,193,2002-12-8 0:57,transfer
297,ES94 0069 6050 9125 4275 5395,ES02 0069 9128 2729 7298 9079,131,2017-4-21 6:26,transfer
298,ES36 0069 5138 2812 2933 6468,ES62 0069 9476 0703 3747 7311,115,2023-5-19 13:41,transfer
299,ES36 0069 4351 0939 4279 9168,ES88 0069 7216 6589 6597 1644,28,2003-8-26 2:47,quick transfer
300,ES28 0069 6991 5190 7722 2999,ES14 0069 1137 0656 7857 1226,28,2017-3-16 14:0,transfer
301,ES93 0069 8467 6917 9038 0465,ES73 0069 9670 0855 3285 6331,156,2018-7-19 15:48,transfer
302,ES36 0069 4351 0939 4279 9168,ES67 0069 5062 3604 8776 8886,133,2005-3-4 9:3,quick transfer
303,ES56 0069 0304 0937 7245 5952,ES73 0069 9670 0855 3285 6331,187,2023-8-14 11:40,transfer
304,ES52 0069 9129 7614 0018 4854,ES42 0069 4444 0863 1125 5681,14,2013-7-12 7:34,transfer
305,ES22 0069 1870 3125 1671 5387,ES96 0069 2829 1354 6820 0738,54,2022-4-6 10:4,quick transfer
306,ES92 0069 8635 2861 7112 2430,ES71 0069 0687 3352 6876 4243,55,2020-12-25 1:3,transfer
307,ES38 0069 3763 1870 8584 4886,ES11 0069 1694 9311 7012 7674,96,2001-1-10 14:26,quick transfer
308,ES92 0069 8635 2861 7112 2430,ES55 0069 6886 7883 8004 7476,47,2022-12-23 22:52,transfer
309,ES15 0069 9357 7800 1494 2339,ES88 0069 7216 6589 6597 1644,53,2010-5-6 23:13,transfer
310,ES63 0069 9329 4147 0045 8878,ES02 0069 9128 2729 7298 9079,112,2002-4-7 19:11,transfer
311,ES71 0069 0687 3352 6876 4243,ES92 0069 8635 2861 7112 2430,23,2021-11-3 12:4,quick transfer
312,ES13 0069 9935 5919 8204 9186,ES16 0069 6152 1223 2042 0900,78,2002-5-27 17:35,quick transfer
313,ES56 0069 0304 0937 7245 5952,ES71 0069 0687 3352 6876 4243,185,2002-5-4 18:46,transfer
314,ES67 0069 5062 3604 8776 8886,ES52 0069 9129 7614 0018 4854,13,2000-8-3 23:34,transfer
315,ES06 0069 0580 8151 5818 0942,ES28 0069 6991 5190 7722 2999,137,2006-11-8 23:42,quick transfer
316,ES77 0069 7725 7134 9967 5416,ES80 0069 0868 0197 8086 1270,115,2007-1-27 0:9,transfer
317,ES13 0069 9935 5919 8204 9186,ES88 0069 7216 6589 6597 1644,73,2006-9-8 11:22,quick transfer
318,ES52 0069 9129 7614 0018 4854,ES15 0069 9357 7800 1494 2339,65,2004-6-12 22:12,quick transfer
319,ES52 0069 9129 7614 0018 4854,ES11 0069 1694 9311 7012 7674,102,2007-10-26 7:47,transfer
320,ES19 0069 2040 4826 1038 0754,ES93 0069 8467 6917 9038 0465,144,2021-1-8 13:7,transfer
321,ES36 0069 4351 0939 4279 9168,ES92 0069 8635 2861 7112 2430,161,2018-10-15 15:45,transfer
322,ES71 0069 0687 3352 6876 4243,ES37 0069 2352 1579 1907 8962,81,2000-2-6 20:47,transfer
323,ES11 0069 1694 9311 7012 7674,ES88 0069 3224 7738 5785 7522,171,2008-1-5 23:49,transfer
324,ES84 0069 1645 7321 4175 0466,ES16 0069 6152 1223 2042 0900,96,2000-11-26 0:34,transfer
325,ES93 0069 8226 5174 7024 1104,ES04 0069 3320 2713 6305 6066,40,2018-12-2 3:14,transfer
326,ES93 0069 8226 5174 7024 1104,ES88 0069 4789 3169 0084 9327,138,2020-12-21 19:40,transfer
327,ES67 0069 5062 3604 8776 8886,ES33 0069 6981 8220 2164 9373,15,2017-7-20 4:13,quick transfer
328,ES43 0069 0675 7960 5282 0786,ES94 0069 6050 9125 4275 5395,96,2015-2-21 11:48,transfer
329,ES72 0069 3417 0161 9616 8901,ES94 0069 6050 9125 4275 5395,70,2019-3-19 12:12,transfer
330,ES72 0069 3417 0161 9616 8901,ES15 0069 9357 7800 1494 2339,28,2015-6-12 11:3,transfer
331,ES17 0069 1068 3315 0997 7638,ES45 0069 9795 1119 2753 0770,23,2007-6-19 20:27,transfer
332,ES73 0069 9670 0855 3285 6331,ES37 0069 2352 1579 1907 8962,2,2015-2-2 0:35,transfer
333,ES93 0069 8226 5174 7024 1104,ES73 0069 9670 0855 3285 6331,199,2017-2-22 13:52,transfer
334,ES77 0069 7725 7134 9967 5416,ES88 0069 7216 6589 6597 1644,27,2004-4-18 2:51,transfer
335,ES63 0069 9329 4147 0045 8878,ES16 0069 6152 1223 2042 0900,185,2006-11-27 14:33,quick transfer
336,ES11 0069 1694 9311 7012 7674,ES37 0069 2352 1579 1907 8962,191,2000-7-6 19:54,transfer
337,ES22 0069 1870 3125 1671 5387,ES15 0069 9357 7800 1494 2339,3,2008-11-15 4:5,quick transfer
338,ES02 0069 9128 2729 7298 9079,ES16 0069 6152 1223 2042 0900,75,2021-4-17 4:52,transfer
339,ES15 0069 9357 7800 1494 2339,ES80 0069 0868 0197 8086 1270,172,2007-8-3 17:19,transfer
340,ES63 0069 9329 4147 0045 8878,ES02 0069 9128 2729 7298 9079,102,2001-7-24 13:46,transfer
341,ES25 0069 1541 5994 6098 5340,ES04 0069 3320 2713 6305 6066,16,2005-5-4 12:13,transfer
342,ES93 0069 8467 6917 9038 0465,ES55 0069 6886 7883 8004 7476,48,2017-11-25 13:50,transfer
343,ES94 0069 6050 9125 4275 5395,ES72 0069 3417 0161 9616 8901,39,2016-4-1 8:40,quick transfer
344,ES45 0069 5392 6947 6928 4314,ES94 0069 6050 9125 4275 5395,50,2000-12-8 21:36,quick transfer
345,ES62 0069 9476 0703 3747 7311,ES25 0069 1541 5994 6098 5340,144,2021-11-20 9:12,transfer
346,ES47 0069 6744 5835 5017 9999,ES51 0069 9750 1104 0293 0756,112,2001-5-5 17:18,transfer
347,ES22 0069 1870 3125 1671 5387,ES72 0069 3417 0161 9616 8901,69,2004-7-14 17:25,transfer
348,ES93 0069 8226 5174 7024 1104,ES84 0069 1645 7321 4175 0466,174,2008-5-9 18:26,transfer
349,ES04 0069 3320 2713 6305 6066,ES52 0069 9129 7614 0018 4854,113,2015-10-24 13:31,transfer
350,ES85 0069 6135 0936 9704 4073,ES11 0069 1694 9311 7012 7674,96,2007-8-17 19:11,quick transfer
351,ES17 0069 1068 3315 0997 7638,ES27 0069 9428 3115 3864 5491,82,2005-1-3 21:4,transfer
352,ES45 0069 5392 6947 6928 4314,ES89 0069 8346 3534 3749 5589,163,2004-12-3 16:42,quick transfer
353,ES56 0069 0304 0937 7245 5952,ES93 0069 8467 6917 9038 0465,33,2011-5-7 8:39,transfer
354,ES42 0069 4444 0863 1125 5681,ES19 0069 2040 4826 1038 0754,189,2017-5-22 20:42,quick transfer
355,ES17 0069 1068 3315 0997 7638,ES88 0069 3224 7738 5785 7522,137,2008-8-17 19:3,transfer
356,ES63 0069 9329 4147 0045 8878,ES27 0069 9428 3115 3864 5491,16,2017-4-5 19:25,transfer
357,ES84 0069 1645 7321 4175 0466,ES88 0069 4789 3169 0084 9327,103,2005-1-5 3:56,transfer
358,ES73 0069 9670 0855 3285 6331,ES88 0069 4789 3169 0084 9327,121,2010-2-5 8:40,transfer
359,ES51 0069 9750 1104 0293 0756,ES15 0069 9357 7800 1494 2339,96,2020-9-13 6:36,transfer
360,ES15 0069 9357 7800 1494 2339,ES85 0069 6135 0936 9704 4073,198,2009-9-10 14:50,quick transfer
361,ES97 0069 3968 1193 9353 9383,ES93 0069 8226 5174 7024 1104,81,2022-8-17 6:18,quick transfer
362,ES52 0069 9129 7614 0018 4854,ES16 0069 6152 1223 2042 0900,88,2011-2-22 18:27,transfer
363,ES15 0069 9357 7800 1494 2339,ES85 0069 6135 0936 9704 4073,71,2018-12-9 7:15,quick transfer
364,ES73 0069 9670 0855 3285 6331,ES36 0069 4351 0939 4279 9168,192,2012-4-1 19:18,transfer
365,ES97 0069 3968 1193 9353 9383,ES51 0069 9750 1104 0293 0756,74,2009-10-6 11:19,transfer
366,ES14 0069 1137 0656 7857 1226,ES52 0069 9129 7614 0018 4854,127,2021-4-25 18:58,quick transfer
367,ES73 0069 9670 0855 3285 6331,ES33 0069 6981 8220 2164 9373,106,2020-1-28 6:14,quick transfer
368,ES85 0069 6135 0936 9704 4073,ES36 0069 5138 2812 2933 6468,86,2005-6-15 17:48,quick transfer
369,ES96 0069 2829 1354 6820 0738,ES14 0069 1137 0656 7857 1226,122,2002-3-9 20:5,transfer
370,ES36 0069 5138 2812 2933 6468,ES27 0069 9428 3115 3864 5491,146,2006-6-15 22:54,transfer
371,ES22 0069 1870 3125 1671 5387,ES63 0069 9329 4147 0045 8878,49,2002-11-9 16:20,transfer
372,ES71 0069 0687 3352 6876 4243,ES88 0069 3224 7738 5785 7522,200,2005-8-27 8:24,quick transfer
373,ES16 0069 6152 1223 2042 0900,ES47 0069 6744 5835 5017 9999,6,2020-11-9 16:13,quick transfer
374,ES88 0069 4789 3169 0084 9327,ES33 0069 6981 8220 2164 9373,83,2019-2-22 17:41,transfer
375,ES16 0069 6152 1223 2042 0900,ES42 0069 4444 0863 1125 5681,177,2021-8-12 22:25,transfer
376,ES62 0069 9476 0703 3747 7311,ES92 0069 8635 2861 7112 2430,171,2015-12-11 18:31,transfer
377,ES93 0069 8226 5174 7024 1104,ES28 0069 6991 5190 7722 2999,70,2019-12-17 4:35,transfer
378,ES88 0069 4789 3169 0084 9327,ES88 0069 7216 6589 6597 1644,126,2003-4-6 2:56,transfer
379,ES17 0069 1068 3315 0997 7638,ES43 0069 0627 1680 8327 2856,174,2006-8-15 8:4,transfer
380,ES04 0069 3320 2713 6305 6066,ES06 0069 0580 8151 5818 0942,136,2022-9-19 23:10,transfer
381,ES93 0069 8467 6917 9038 0465,ES63 0069 9329 4147 0045 8878,79,2018-4-4 4:23,transfer
382,ES16 0069 6152 1223 2042 0900,ES45 0069 5392 6947 6928 4314,173,2015-11-14 20:15,transfer
383,ES11 0069 1694 9311 7012 7674,ES92 0069 8635 2861 7112 2430,65,2020-8-21 2:17,transfer
384,ES63 0069 9329 4147 0045 8878,ES17 0069 1068 3315 0997 7638,90,2015-5-5 5:17,quick transfer
385,ES72 0069 3417 0161 9616 8901,ES92 0069 8635 2861 7112 2430,192,2014-5-6 18:1,quick transfer
386,ES14 0069 1137 0656 7857 1226,ES43 0069 0675 7960 5282 0786,130,2006-4-6 10:33,transfer
387,ES43 0069 0675 7960 5282 0786,ES88 0069 3224 7738 5785 7522,146,2014-9-24 5:30,transfer
388,ES28 0069 6991 5190 7722 2999,ES63 0069 9329 4147 0045 8878,116,2012-6-11 3:20,quick transfer
389,ES02 0069 9128 2729 7298 9079,ES42 0069 4444 0863 1125 5681,79,2002-7-6 21:35,transfer
390,ES37 0069 2352 1579 1907 8962,ES47 0069 6744 5835 5017 9999,159,2015-3-4 14:31,transfer
391,ES45 0069 5392 6947 6928 4314,ES80 0069 0868 0197 8086 1270,97,2021-8-15 3:28,transfer
392,ES96 0069 2829 1354 6820 0738,ES38 0069 3763 1870 8584 4886,102,2001-12-27 5:50,transfer
393,ES38 0069 3763 1870 8584 4886,ES22 0069 1870 3125 1671 5387,16,2022-7-14 10:28,transfer
394,ES47 0069 6744 5835 5017 9999,ES38 0069 3763 1870 8584 4886,84,2005-2-5 12:32,transfer
395,ES42 0069 4444 0863 1125 5681,ES45 0069 5392 6947 6928 4314,109,2008-9-12 21:4,transfer
396,ES55 0069 6886 7883 8004 7476,ES88 0069 3224 7738 5785 7522,70,2016-12-16 21:34,transfer
397,ES97 0069 3968 1193 9353 9383,ES36 0069 5138 2812 2933 6468,29,2002-11-27 1:50,transfer
398,ES11 0069 1694 9311 7012 7674,ES27 0069 9428 3115 3864 5491,154,2005-5-23 14:19,quick transfer
399,ES47 0069 6744 5835 5017 9999,ES28 0069 6991 5190 7722 2999,86,2008-2-2 13:49,transfer
400,ES52 0069 9129 7614 0018 4854,ES19 0069 2040 4826 1038 0754,100,2012-6-4 2:51,quick transfer
401,ES84 0069 1645 7321 4175 0466,ES85 0069 6135 0936 9704 4073,192,2019-11-21 7:1,transfer
402,ES55 0069 6886 7883 8004 7476,ES11 0069 1694 9311 7012 7674,134,2020-9-2 20:17,transfer
403,ES36 0069 4351 0939 4279 9168,ES88 0069 3224 7738 5785 7522,38,2005-1-15 9:48,transfer
404,ES88 0069 7216 6589 6597 1644,ES13 0069 9935 5919 8204 9186,151,2005-6-1 17:16,transfer
405,ES72 0069 3417 0161 9616 8901,ES93 0069 8226 5174 7024 1104,101,2023-11-9 3:31,quick transfer
406,ES36 0069 4351 0939 4279 9168,ES45 0069 5392 6947 6928 4314,111,2020-2-5 6:27,transfer
407,ES33 0069 6981 8220 2164 9373,ES47 0069 6744 5835 5017 9999,130,2015-3-15 19:15,transfer
408,ES88 0069 7216 6589 6597 1644,ES72 0069 3417 0161 9616 8901,113,2000-1-15 13:5,transfer
409,ES36 0069 5138 2812 2933 6468,ES13 0069 9935 5919 8204 9186,39,2020-12-27 9:8,transfer
410,ES56 0069 0304 0937 7245 5952,ES38 0069 3763 1870 8584 4886,68,2009-11-14 6:15,transfer
411,ES43 0069 0675 7960 5282 0786,ES72 0069 3417 0161 9616 8901,151,2000-3-18 21:33,transfer
412,ES94 0069 6050 9125 4275 5395,ES11 0069 1694 9311 7012 7674,126,2013-10-11 3:12,transfer
413,ES17 0069 1068 3315 0997 7638,ES93 0069 8226 5174 7024 1104,40,2017-10-8 7:55,transfer
414,ES85 0069 6135 0936 9704 4073,ES25 0069 1541 5994 6098 5340,135,2009-8-9 5:29,transfer
415,ES11 0069 1694 9311 7012 7674,ES63 0069 9329 4147 0045 8878,34,2015-8-3 23:59,transfer
416,ES16 0069 6152 1223 2042 0900,ES80 0069 0868 0197 8086 1270,137,2022-4-15 18:19,transfer
417,ES62 0069 9476 0703 3747 7311,ES93 0069 8226 5174 7024 1104,5,2013-2-18 1:1,transfer
418,ES33 0069 6981 8220 2164 9373,ES72 0069 3417 0161 9616 8901,110,2023-8-25 20:28,transfer
419,ES72 0069 3417 0161 9616 8901,ES88 0069 4789 3169 0084 9327,27,2014-3-2 22:46,transfer
420,ES17 0069 1068 3315 0997 7638,ES36 0069 5138 2812 2933 6468,16,2016-8-28 18:2,transfer
421,ES14 0069 1137 0656 7857 1226,ES52 0069 9129 7614 0018 4854,106,2010-10-10 0:43,transfer
422,ES36 0069 5138 2812 2933 6468,ES94 0069 6050 9125 4275 5395,179,2010-5-12 4:42,transfer
423,ES92 0069 8635 2861 7112 2430,ES85 0069 6135 0936 9704 4073,44,2011-6-19 22:8,transfer
424,ES84 0069 1645 7321 4175 0466,ES27 0069 9428 3115 3864 5491,13,2018-2-27 14:20,transfer
425,ES88 0069 3224 7738 5785 7522,ES45 0069 9795 1119 2753 0770,63,2018-7-20 10:52,transfer
426,ES51 0069 9750 1104 0293 0756,ES13 0069 9935 5919 8204 9186,39,2001-1-1 3:18,transfer
427,ES71 0069 0687 3352 6876 4243,ES89 0069 8346 3534 3749 5589,174,2014-1-10 7:3,transfer
428,ES89 0069 8346 3534 3749 5589,ES37 0069 2352 1579 1907 8962,122,2022-7-12 1:32,transfer
429,ES45 0069 9795 1119 2753 0770,ES45 0069 5392 6947 6928 4314,137,2009-10-14 0:15,quick transfer
430,ES28 0069 6991 5190 7722 2999,ES38 0069 3763 1870 8584 4886,36,2001-3-14 16:5,transfer
431,ES25 0069 1541 5994 6098 5340,ES62 0069 9476 0703 3747 7311,68,2012-8-27 8:55,transfer
432,ES55 0069 6886 7883 8004 7476,ES36 0069 4351 0939 4279 9168,73,2017-4-18 17:43,transfer
433,ES93 0069 8467 6917 9038 0465,ES52 0069 9129 7614 0018 4854,80,2017-9-27 21:30,transfer
434,ES42 0069 4444 0863 1125 5681,ES72 0069 3417 0161 9616 8901,46,2016-4-28 8:9,quick transfer
435,ES62 0069 9476 0703 3747 7311,ES56 0069 0304 0937 7245 5952,88,2021-11-11 15:28,transfer
436,ES71 0069 0687 3352 6876 4243,ES19 0069 2040 4826 1038 0754,154,2014-1-24 23:17,transfer
437,ES37 0069 2352 1579 1907 8962,ES92 0069 8635 2861 7112 2430,38,2003-5-27 22:34,transfer
438,ES33 0069 6981 8220 2164 9373,ES85 0069 6135 0936 9704 4073,29,2022-8-1 23:23,transfer
439,ES28 0069 6991 5190 7722 2999,ES96 0069 2829 1354 6820 0738,70,2019-9-15 11:48,transfer
440,ES36 0069 4351 0939 4279 9168,ES14 0069 1137 0656 7857 1226,36,2020-10-27 20:55,transfer
441,ES36 0069 4351 0939 4279 9168,ES89 0069 8346 3534 3749 5589,38,2023-8-25 23:0,transfer
442,ES04 0069 3320 2713 6305 6066,ES93 0069 8467 6917 9038 0465,91,2006-3-7 16:21,transfer
443,ES14 0069 1137 0656 7857 1226,ES42 0069 4444 0863 1125 5681,50,2016-9-20 15:58,quick transfer
444,ES88 0069 4789 3169 0084 9327,ES88 0069 7216 6589 6597 1644,128,2016-8-8 6:53,quick transfer
445,ES15 0069 9357 7800 1494 2339,ES92 0069 8635 2861 7112 2430,122,2007-2-26 0:22,transfer
446,ES92 0069 8635 2861 7112 2430,ES28 0069 6991 5190 7722 2999,47,2019-4-13 6:14,transfer
447,ES63 0069 9329 4147 0045 8878,ES33 0069 6981 8220 2164 9373,186,2010-7-10 8:53,transfer
448,ES89 0069 8346 3534 3749 5589,ES84 0069 1645 7321 4175 0466,121,2022-8-25 9:58,transfer
449,ES93 0069 8226 5174 7024 1104,ES36 0069 4351 0939 4279 9168,142,2012-1-2 10:53,transfer
450,ES92 0069 8635 2861 7112 2430,ES72 0069 3417 0161 9616 8901,144,2007-3-4 14:48,transfer
451,ES42 0069 4444 0863 1125 5681,ES04 0069 3320 2713 6305 6066,38,2011-8-26 15:39,transfer
452,ES14 0069 1137 0656 7857 1226,ES33 0069 6981 8220 2164 9373,177,2005-3-11 23:2,transfer
453,ES04 0069 3320 2713 6305 6066,ES94 0069 6050 9125 4275 5395,141,2011-1-5 14:6,transfer
454,ES14 0069 1137 0656 7857 1226,ES36 0069 5138 2812 2933 6468,80,2021-5-25 7:29,transfer
455,ES71 0069 0687 3352 6876 4243,ES73 0069 9670 0855 3285 6331,95,2007-8-27 19:23,transfer
456,ES37 0069 2352 1579 1907 8962,ES63 0069 9329 4147 0045 8878,154,2007-3-6 20:18,transfer
457,ES88 0069 7216 6589 6597 1644,ES45 0069 5392 6947 6928 4314,25,2001-6-22 17:48,transfer
458,ES45 0069 9795 1119 2753 0770,ES45 0069 5392 6947 6928 4314,8,2001-2-14 5:53,quick transfer
459,ES47 0069 6744 5835 5017 9999,ES25 0069 1541 5994 6098 5340,17,2016-1-16 13:53,transfer
460,ES43 0069 0675 7960 5282 0786,ES16 0069 6152 1223 2042 0900,140,2014-6-15 17:39,quick transfer
461,ES97 0069 3968 1193 9353 9383,ES19 0069 2040 4826 1038 0754,111,2022-4-16 17:41,quick transfer
462,ES43 0069 0675 7960 5282 0786,ES15 0069 9357 7800 1494 2339,140,2013-11-16 14:55,transfer
463,ES84 0069 1645 7321 4175 0466,ES45 0069 5392 6947 6928 4314,70,2015-4-6 6:9,transfer
464,ES93 0069 8226 5174 7024 1104,ES89 0069 8346 3534 3749 5589,156,2019-7-13 16:3,transfer
465,ES25 0069 1541 5994 6098 5340,ES04 0069 3320 2713 6305 6066,119,2002-7-13 17:29,transfer
466,ES25 0069 1541 5994 6098 5340,ES15 0069 9357 7800 1494 2339,109,2015-5-8 21:42,transfer
467,ES85 0069 6135 0936 9704 4073,ES71 0069 0687 3352 6876 4243,129,2002-10-21 4:42,transfer
468,ES96 0069 2829 1354 6820 0738,ES47 0069 6744 5835 5017 9999,137,2001-10-14 17:8,transfer
469,ES43 0069 0627 1680 8327 2856,ES56 0069 0304 0937 7245 5952,139,2017-9-6 17:5,transfer
470,ES13 0069 9935 5919 8204 9186,ES43 0069 0675 7960 5282 0786,7,2004-4-10 4:16,transfer
471,ES88 0069 7216 6589 6597 1644,ES33 0069 6981 8220 2164 9373,18,2012-12-26 21:24,transfer
472,ES51 0069 9750 1104 0293 0756,ES93 0069 8226 5174 7024 1104,200,2001-12-7 8:10,quick transfer
473,ES14 0069 1137 0656 7857 1226,ES88 0069 7216 6589 6597 1644,142,2016-9-21 14:40,transfer
474,ES25 0069 1541 5994 6098 5340,ES89 0069 8346 3534 3749 5589,182,2017-2-15 8:17,transfer
475,ES33 0069 6981 8220 2164 9373,ES93 0069 8226 5174 7024 1104,150,2007-11-21 10:41,transfer
476,ES27 0069 9428 3115 3864 5491,ES16 0069 6152 1223 2042 0900,18,2012-7-20 7:1,transfer
477,ES36 0069 4351 0939 4279 9168,ES84 0069 1645 7321 4175 0466,101,2006-10-25 6:40,transfer
478,ES89 0069 8346 3534 3749 5589,ES92 0069 8635 2861 7112 2430,107,2000-8-14 1:57,transfer
479,ES51 0069 9750 1104 0293 0756,ES45 0069 9795 1119 2753 0770,169,2001-4-11 19:31,transfer
480,ES45 0069 9795 1119 2753 0770,ES15 0069 9357 7800 1494 2339,123,2007-7-12 19:37,quick transfer
481,ES73 0069 9670 0855 3285 6331,ES84 0069 1645 7321 4175 0466,197,2008-2-17 20:23,transfer
482,ES45 0069 9795 1119 2753 0770,ES36 0069 4351 0939 4279 9168,114,2005-7-9 19:32,transfer
483,ES45 0069 9795 1119 2753 0770,ES77 0069 7725 7134 9967 5416,176,2008-10-4 20:44,transfer
484,ES43 0069 0627 1680 8327 2856,ES19 0069 2040 4826 1038 0754,36,2000-6-5 22:0,quick transfer
485,ES45 0069 5392 6947 6928 4314,ES97 0069 3968 1193 9353 9383,119,2000-9-16 13:26,transfer
486,ES25 0069 1541 5994 6098 5340,ES88 0069 4789 3169 0084 9327,150,2022-4-24 10:21,transfer
487,ES77 0069 7725 7134 9967 5416,ES67 0069 5062 3604 8776 8886,175,2012-7-14 16:24,transfer
488,ES73 0069 9670 0855 3285 6331,ES13 0069 9935 5919 8204 9186,107,2014-5-19 21:4,quick transfer
489,ES43 0069 0675 7960 5282 0786,ES84 0069 1645 7321 4175 0466,105,2017-6-2 21:47,transfer
490,ES93 0069 8467 6917 9038 0465,ES92 0069 8635 2861 7112 2430,28,2001-5-6 10:30,quick transfer
491,ES33 0069 6981 8220 2164 9373,ES04 0069 3320 2713 6305 6066,48,2002-9-10 22:43,transfer
492,ES96 0069 2829 1354 6820 0738,ES14 0069 1137 0656 7857 1226,186,2010-4-27 11:27,transfer
493,ES94 0069 6050 9125 4275 5395,ES33 0069 6981 8220 2164 9373,16,2004-12-24 18:33,transfer
494,ES93 0069 8467 6917 9038 0465,ES67 0069 5062 3604 8776 8886,34,2022-1-22 11:8,quick transfer
495,ES88 0069 3224 7738 5785 7522,ES28 0069 6991 5190 7722 2999,69,2022-10-19 9:38,transfer
496,ES84 0069 1645 7321 4175 0466,ES27 0069 9428 3115 3864 5491,166,2016-9-25 22:54,transfer
497,ES27 0069 9428 3115 3864 5491,ES47 0069 6744 5835 5017 9999,51,2002-11-28 17:6,quick transfer
498,ES92 0069 8635 2861 7112 2430,ES72 0069 3417 0161 9616 8901,58,2019-6-18 15:4,transfer
499,ES84 0069 1645 7321 4175 0466,ES36 0069 5138 2812 2933 6468,70,2004-9-13 17:43,quick transfer
